INSERT INTO public.account (id, created_date, updated_date, email, hash_password, first_name, last_name, status, role, registration_provider, redis_id) VALUES ('65dad38e-3a15-4ab1-aee2-cf2f13ee9c5b', '2023-04-28 13:35:44.487697 +00:00', '2023-04-28 13:35:44.487697 +00:00', 'dev1@gmail.com', '$2a$10$kY2yS5wrfyBkmSy0K0hcYeHtRBCmSekTBNPsZ2FeUHgR6x3szSoKe', 'Lena', 'LLLL', 'CONFIRMED', 'ROLE_DEVELOPER', 'NATIVE', null);
INSERT INTO public.developer (id, date_of_birth, last_visit_date, work_experience, city, state, username, rating) VALUES ('65dad38e-3a15-4ab1-aee2-cf2f13ee9c5b', '2023-04-07', '2023-04-28 16:58:14.445000 +00:00', 8, 'Moscow', 'ACTIVE', 'pokemon', 0);


INSERT INTO public.account (id, created_date, updated_date, email, hash_password, first_name, last_name, status, role, registration_provider, redis_id) VALUES ('95dad38e-3a15-4ab1-aee2-cf2f13ee9c5b', '2023-04-28 13:35:44.487697 +00:00', '2023-04-28 13:35:44.487697 +00:00', 'dev2@gmail.com', '$2a$10$kY2yS5wrfyBkmSy0K0hcYeHtRBCmSekTBNPsZ2FeUHgR6x3szSoKe', 'Lenaa', 'LLLL', 'CONFIRMED', 'ROLE_DEVELOPER', 'NATIVE', null);
INSERT INTO public.developer (id, date_of_birth, last_visit_date, work_experience, city, state, username, rating) VALUES ('95dad38e-3a15-4ab1-aee2-cf2f13ee9c5b', '2023-04-07', '2023-04-28 16:58:14.445000 +00:00', 8, 'Moscow', 'ACTIVE', 'pokemonn', 0);


INSERT INTO public.account (id, created_date, updated_date, email, hash_password, first_name, last_name, status, role, registration_provider, redis_id) VALUES ('35dad38e-3a15-4ab1-aee2-cf2f13ee9c5b', '2023-04-28 13:35:44.487697 +00:00', '2023-04-28 13:35:44.487697 +00:00', 'dev3@gmail.com', '$2a$10$kY2yS5wrfyBkmSy0K0hcYeHtRBCmSekTBNPsZ2FeUHgR6x3szSoKe', 'Lena', 'LLLL', 'CONFIRMED', 'ROLE_DEVELOPER', 'NATIVE', null);
INSERT INTO public.developer (id, date_of_birth, last_visit_date, work_experience, city, state, username, rating) VALUES ('35dad38e-3a15-4ab1-aee2-cf2f13ee9c5b', '2023-04-07', '2023-04-28 16:58:14.445000 +00:00', 8, 'Moscow', 'ACTIVE', 'pokemon', 0);


INSERT INTO public.account (id, created_date, updated_date, email, hash_password, first_name, last_name, status, role, registration_provider, redis_id) VALUES ('46dad38e-3a15-4ab1-aee2-cf2f13ee9c5b', '2023-04-28 13:35:44.487697 +00:00', '2023-04-28 13:35:44.487697 +00:00', 'dev4@gmail.com', '$2a$10$kY2yS5wrfyBkmSy0K0hcYeHtRBCmSekTBNPsZ2FeUHgR6x3szSoKe', 'Lenaa', 'LLLL', 'CONFIRMED', 'ROLE_DEVELOPER', 'NATIVE', null);
INSERT INTO public.developer (id, date_of_birth, last_visit_date, work_experience, city, state, username, rating) VALUES ('46dad38e-3a15-4ab1-aee2-cf2f13ee9c5b', '2023-04-07', '2023-04-28 16:58:14.445000 +00:00', 8, 'Moscow', 'ACTIVE', 'pokemonn', 0);


INSERT INTO public.account (id, created_date, updated_date, email, hash_password, first_name, last_name, status, role, registration_provider, redis_id) VALUES ('36dad38e-3a15-4ab1-aee2-cf2f13ee9c5b', '2023-04-28 13:35:44.487697 +00:00', '2023-04-28 13:35:44.487697 +00:00', 'dev4@gmail.com', '$2a$10$kY2yS5wrfyBkmSy0K0hcYeHtRBCmSekTBNPsZ2FeUHgR6x3szSoKe', 'Lenaa', 'LLLL', 'CONFIRMED', 'ROLE_SIMPLE_ACCOUNT', 'NATIVE', null);
INSERT INTO public.account (id, created_date, updated_date, email, hash_password, first_name, last_name, status, role, registration_provider, redis_id) VALUES ('37dad38e-3a15-4ab1-aee2-cf2f13ee9c5b', '2023-04-28 13:35:44.487697 +00:00', '2023-04-28 13:35:44.487697 +00:00', 'dev5@gmail.com', '$2a$10$kY2yS5wrfyBkmSy0K0hcYeHtRBCmSekTBNPsZ2FeUHgR6x3szSoKe', 'Lenaa', 'LLLL', 'CONFIRMED', 'ROLE_SIMPLE_ACCOUNT', 'NATIVE', null);
INSERT INTO public.account (id, created_date, updated_date, email, hash_password, first_name, last_name, status, role, registration_provider, redis_id) VALUES ('38dad38e-3a15-4ab1-aee2-cf2f13ee9c5b', '2023-04-28 13:35:44.487697 +00:00', '2023-04-28 13:35:44.487697 +00:00', 'dev6@gmail.com', '$2a$10$kY2yS5wrfyBkmSy0K0hcYeHtRBCmSekTBNPsZ2FeUHgR6x3szSoKe', 'Lenaa', 'LLLL', 'CONFIRMED', 'ROLE_SIMPLE_ACCOUNT', 'NATIVE', null);
INSERT INTO public.account (id, created_date, updated_date, email, hash_password, first_name, last_name, status, role, registration_provider, redis_id) VALUES ('39dad38e-3a15-4ab1-aee2-cf2f13ee9c5b', '2023-04-28 13:35:44.487697 +00:00', '2023-04-28 13:35:44.487697 +00:00', 'dev7@gmail.com', '$2a$10$kY2yS5wrfyBkmSy0K0hcYeHtRBCmSekTBNPsZ2FeUHgR6x3szSoKe', 'Lenaa', 'LLLL', 'CONFIRMED', 'ROLE_SIMPLE_ACCOUNT', 'NATIVE', null);

INSERT INTO public.grievance (id, text, account_id, author_id, created_date) VALUES ('36dad38e-3a15-4ab1-aee2-cf2f13ee9c5b', 'It is bad person', '46dad38e-3a15-4ab1-aee2-cf2f13ee9c5b', '36dad38e-3a15-4ab1-aee2-cf2f13ee9c5b', '2023-04-30 19:46:47.771000 +00:00');
INSERT INTO public.grievance (id, text, account_id, author_id, created_date) VALUES ('37dad38e-3a15-4ab1-aee2-cf2f13ee9c5b', 'It is bad person', '46dad38e-3a15-4ab1-aee2-cf2f13ee9c5b', '37dad38e-3a15-4ab1-aee2-cf2f13ee9c5b', '2023-04-30 19:46:47.771000 +00:00');
INSERT INTO public.grievance (id, text, account_id, author_id, created_date) VALUES ('38dad38e-3a15-4ab1-aee2-cf2f13ee9c5b', 'It is bad person', '46dad38e-3a15-4ab1-aee2-cf2f13ee9c5b', '38dad38e-3a15-4ab1-aee2-cf2f13ee9c5b', '2023-04-30 19:46:47.771000 +00:00');
INSERT INTO public.grievance (id, text, account_id, author_id, created_date) VALUES ('39dad38e-3a15-4ab1-aee2-cf2f13ee9c5b', 'It is bad person', '46dad38e-3a15-4ab1-aee2-cf2f13ee9c5b', '39dad38e-3a15-4ab1-aee2-cf2f13ee9c5b', '2023-04-30 19:46:47.771000 +00:00');

INSERT INTO public.account (id, created_date, updated_date, email, hash_password, first_name, last_name, status, role, registration_provider, redis_id) VALUES ('81dad38e-3a15-4ab1-aee2-cf2f13ee9c5b', '2023-04-29 20:44:48.068000 +00:00', '2023-04-29 20:44:49.299000 +00:00', 'sim1@gmail.com', '$2a$10$kY2yS5wrfyBkmSy0K0hcYeHtRBCmSekTBNPsZ2FeUHgR6x3szSoKe', 'simpleAccFirstName', 'SimpleAccLastName', 'CONFIRMED', 'ROLE_SIMPLE_ACCOUNT', 'NATIVE', null);
INSERT INTO public.account (id, created_date, updated_date, email, hash_password, first_name, last_name, status, role, registration_provider, redis_id) VALUES ('82dad38e-3a15-4ab1-aee2-cf2f13ee9c5b', '2023-04-29 20:44:48.068000 +00:00', '2023-04-29 20:44:49.299000 +00:00', 'sim2@gmail.com', '$2a$10$kY2yS5wrfyBkmSy0K0hcYeHtRBCmSekTBNPsZ2FeUHgR6x3szSoKe', 'simpleAccFirstName', 'SimpleAccLastName', 'CONFIRMED', 'ROLE_SIMPLE_ACCOUNT', 'NATIVE', null);

INSERT INTO public.account (id, created_date, updated_date, email, hash_password, first_name, last_name, status, role, registration_provider, redis_id) VALUES ('51dad38e-3a15-4ab1-aee2-cf2f13ee9c5b', '2023-04-29 20:44:48.068000 +00:00', '2023-04-29 20:44:49.299000 +00:00', 'sim2@gmail.com', '$2a$10$kY2yS5wrfyBkmSy0K0hcYeHtRBCmSekTBNPsZ2FeUHgR6x3szSoKe', 'simpleAccFirstName', 'SimpleAccLastName', 'CONFIRMED', 'ROLE_SIMPLE_ACCOUNT', 'NATIVE', null);
INSERT INTO public.account (id, created_date, updated_date, email, hash_password, first_name, last_name, status, role, registration_provider, redis_id) VALUES ('22dad38e-3a15-4ab1-aee2-cf2f13ee9c5b', '2023-04-29 20:44:48.068000 +00:00', '2023-04-29 20:44:49.299000 +00:00', 'sim2@gmail.com', '$2a$10$kY2yS5wrfyBkmSy0K0hcYeHtRBCmSekTBNPsZ2FeUHgR6x3szSoKe', 'simpleAccFirstName', 'SimpleAccLastName', 'CONFIRMED', 'ROLE_SIMPLE_ACCOUNT', 'NATIVE', null);

INSERT INTO public.grievance (id, text, account_id, author_id, created_date) VALUES ('81dad38e-3a15-4ab1-aee2-cf2f13ee9c5b', 'Grievance', '82dad38e-3a15-4ab1-aee2-cf2f13ee9c5b', '81dad38e-3a15-4ab1-aee2-cf2f13ee9c5b', '2023-04-30 20:10:24.680000 +00:00');
INSERT INTO public.grievance (id, text, account_id, author_id, created_date) VALUES ('51dad38e-3a15-4ab1-aee2-cf2f13ee9c5b', 'Grievance', '22dad38e-3a15-4ab1-aee2-cf2f13ee9c5b', '51dad38e-3a15-4ab1-aee2-cf2f13ee9c5b', '2023-04-30 20:10:24.680000 +00:00');


INSERT INTO public.account (id, created_date, updated_date, email, hash_password, first_name, last_name, status, role, registration_provider, redis_id) VALUES ('71dad38e-3a15-4ab1-aee2-cf2f13ee9c5b', '2023-04-29 20:44:48.068000 +00:00', '2023-04-29 20:44:49.299000 +00:00', 'sim3@gmail.com', '$2a$10$kY2yS5wrfyBkmSy0K0hcYeHtRBCmSekTBNPsZ2FeUHgR6x3szSoKe', 'simpleAccFirstName', 'SimpleAccLastName', 'CONFIRMED', 'ROLE_SIMPLE_ACCOUNT', 'NATIVE', null);
INSERT INTO public.account (id, created_date, updated_date, email, hash_password, first_name, last_name, status, role, registration_provider, redis_id) VALUES ('72dad38e-3a15-4ab1-aee2-cf2f13ee9c5b', '2023-04-29 20:44:48.068000 +00:00', '2023-04-29 20:44:49.299000 +00:00', 'sim4@gmail.com', '$2a$10$kY2yS5wrfyBkmSy0K0hcYeHtRBCmSekTBNPsZ2FeUHgR6x3szSoKe', 'simpleAccFirstName', 'SimpleAccLastName', 'CONFIRMED', 'ROLE_SIMPLE_ACCOUNT', 'NATIVE', null);

INSERT INTO public.account (id, created_date, updated_date, email, hash_password, first_name, last_name, status, role, registration_provider, redis_id) VALUES ('61dad38e-3a15-4ab1-aee2-cf2f13ee9c5b', '2023-04-29 20:44:48.068000 +00:00', '2023-04-29 20:44:49.299000 +00:00', 'sim5@gmail.com', '$2a$10$kY2yS5wrfyBkmSy0K0hcYeHtRBCmSekTBNPsZ2FeUHgR6x3szSoKe', 'simpleAccFirstName', 'SimpleAccLastName', 'CONFIRMED', 'ROLE_SIMPLE_ACCOUNT', 'NATIVE', null);
INSERT INTO public.account (id, created_date, updated_date, email, hash_password, first_name, last_name, status, role, registration_provider, redis_id) VALUES ('62dad38e-3a15-4ab1-aee2-cf2f13ee9c5b', '2023-04-29 20:44:48.068000 +00:00', '2023-04-29 20:44:49.299000 +00:00', 'sim6@gmail.com', '$2a$10$kY2yS5wrfyBkmSy0K0hcYeHtRBCmSekTBNPsZ2FeUHgR6x3szSoKe', 'simpleAccFirstName', 'SimpleAccLastName', 'CONFIRMED', 'ROLE_SIMPLE_ACCOUNT', 'NATIVE', null);
INSERT INTO public.account (id, created_date, updated_date, email, hash_password, first_name, last_name, status, role, registration_provider, redis_id) VALUES ('63dad38e-3a15-4ab1-aee2-cf2f13ee9c5b', '2023-04-29 20:44:48.068000 +00:00', '2023-04-29 20:44:49.299000 +00:00', 'sim7@gmail.com', '$2a$10$kY2yS5wrfyBkmSy0K0hcYeHtRBCmSekTBNPsZ2FeUHgR6x3szSoKe', 'simpleAccFirstName', 'SimpleAccLastName', 'CONFIRMED', 'ROLE_SIMPLE_ACCOUNT', 'NATIVE', null);
INSERT INTO public.account (id, created_date, updated_date, email, hash_password, first_name, last_name, status, role, registration_provider, redis_id) VALUES ('64dad38e-3a15-4ab1-aee2-cf2f13ee9c5b', '2023-04-29 20:44:48.068000 +00:00', '2023-04-29 20:44:49.299000 +00:00', 'sim8@gmail.com', '$2a$10$kY2yS5wrfyBkmSy0K0hcYeHtRBCmSekTBNPsZ2FeUHgR6x3szSoKe', 'simpleAccFirstName', 'SimpleAccLastName', 'CONFIRMED', 'ROLE_SIMPLE_ACCOUNT', 'NATIVE', null);
INSERT INTO public.account (id, created_date, updated_date, email, hash_password, first_name, last_name, status, role, registration_provider, redis_id) VALUES ('67dad38e-3a15-4ab1-aee2-cf2f13ee9c5b', '2023-04-29 20:44:48.068000 +00:00', '2023-04-29 20:44:49.299000 +00:00', 'sim9@gmail.com', '$2a$10$kY2yS5wrfyBkmSy0K0hcYeHtRBCmSekTBNPsZ2FeUHgR6x3szSoKe', 'simpleAccFirstName', 'SimpleAccLastName', 'CONFIRMED', 'ROLE_SIMPLE_ACCOUNT', 'NATIVE', null);

INSERT INTO public.grievance (id, text, account_id, author_id, created_date) VALUES ('71dad38e-3a15-4ab1-aee2-cf2f13ee9c5b', 'Grievance', '61dad38e-3a15-4ab1-aee2-cf2f13ee9c5b', '71dad38e-3a15-4ab1-aee2-cf2f13ee9c5b', '2023-04-30 20:10:24.680000 +00:00');
INSERT INTO public.grievance (id, text, account_id, author_id, created_date) VALUES ('72dad38e-3a15-4ab1-aee2-cf2f13ee9c5b', 'Grievance', '62dad38e-3a15-4ab1-aee2-cf2f13ee9c5b', '71dad38e-3a15-4ab1-aee2-cf2f13ee9c5b', '2023-04-30 20:10:24.680000 +00:00');
INSERT INTO public.grievance (id, text, account_id, author_id, created_date) VALUES ('73dad38e-3a15-4ab1-aee2-cf2f13ee9c5b', 'Grievance', '63dad38e-3a15-4ab1-aee2-cf2f13ee9c5b', '71dad38e-3a15-4ab1-aee2-cf2f13ee9c5b', '2023-04-30 20:10:24.680000 +00:00');
INSERT INTO public.grievance (id, text, account_id, author_id, created_date) VALUES ('74dad38e-3a15-4ab1-aee2-cf2f13ee9c5b', 'Grievance', '64dad38e-3a15-4ab1-aee2-cf2f13ee9c5b', '71dad38e-3a15-4ab1-aee2-cf2f13ee9c5b', '2023-04-30 20:10:24.680000 +00:00');
INSERT INTO public.grievance (id, text, account_id, author_id, created_date) VALUES ('78dad38e-3a15-4ab1-aee2-cf2f13ee9c5b', 'Grievance', '67dad38e-3a15-4ab1-aee2-cf2f13ee9c5b', '71dad38e-3a15-4ab1-aee2-cf2f13ee9c5b', '2023-04-30 20:10:24.680000 +00:00');

INSERT INTO public.account (id, created_date, updated_date, email, hash_password, first_name, last_name, status, role, registration_provider, redis_id) VALUES ('91dad38e-3a15-4ab1-aee2-cf2f13ee9c5b', '2023-04-29 20:46:29.922000 +00:00', '2023-04-29 20:46:31.643000 +00:00', 'sim11@gmail.com', '$2a$10$kY2yS5wrfyBkmSy0K0hcYeHtRBCmSekTBNPsZ2FeUHgR6x3szSoKe', 'adminFirstName', 'AdminLastName', 'CONFIRMED', 'ROLE_SIMPLE_ACCOUNT', 'NATIVE', null);

INSERT INTO public.account (id, created_date, updated_date, email, hash_password, first_name, last_name, status, role, registration_provider, redis_id) VALUES ('12dad38e-3a15-4ab1-aee2-cf2f13ee9c5b', '2023-04-29 20:46:29.922000 +00:00', '2023-04-29 20:46:31.643000 +00:00', 'sim2@gmail.com', '$2a$10$kY2yS5wrfyBkmSy0K0hcYeHtRBCmSekTBNPsZ2FeUHgR6x3szSoKe', 'adminFirstName', 'AdminLastName', 'CONFIRMED', 'ROLE_SIMPLE_ACCOUNT', 'NATIVE', null);
INSERT INTO public.account (id, created_date, updated_date, email, hash_password, first_name, last_name, status, role, registration_provider, redis_id) VALUES ('13dad38e-3a15-4ab1-aee2-cf2f13ee9c5b', '2023-04-29 20:46:29.922000 +00:00', '2023-04-29 20:46:31.643000 +00:00', 'sim33@gmail.com', '$2a$10$kY2yS5wrfyBkmSy0K0hcYeHtRBCmSekTBNPsZ2FeUHgR6x3szSoKe', 'adminFirstName', 'AdminLastName', 'CONFIRMED', 'ROLE_SIMPLE_ACCOUNT', 'NATIVE', null);
INSERT INTO public.account (id, created_date, updated_date, email, hash_password, first_name, last_name, status, role, registration_provider, redis_id) VALUES ('14dad38e-3a15-4ab1-aee2-cf2f13ee9c5b', '2023-04-29 20:46:29.922000 +00:00', '2023-04-29 20:46:31.643000 +00:00', 'sim4@gmail.com', '$2a$10$kY2yS5wrfyBkmSy0K0hcYeHtRBCmSekTBNPsZ2FeUHgR6x3szSoKe', 'sim', 'AdminLastName', 'CONFIRMED', 'ROLE_SIMPLE_ACCOUNT', 'NATIVE', null);
INSERT INTO public.grievance (id, text, account_id, author_id, created_date) VALUES ('79dad38e-3a15-4ab1-aee2-cf2f13ee9c5b', 'Grievance', '13dad38e-3a15-4ab1-aee2-cf2f13ee9c5b', '12dad38e-3a15-4ab1-aee2-cf2f13ee9c5b', '2023-04-30 10:10:24.680000 +00:00');
INSERT INTO public.grievance (id, text, account_id, author_id, created_date) VALUES ('80dad38e-3a15-4ab1-aee2-cf2f13ee9c5b', 'Grievance', '14dad38e-3a15-4ab1-aee2-cf2f13ee9c5b', '12dad38e-3a15-4ab1-aee2-cf2f13ee9c5b', '2023-04-30 20:10:24.680000 +00:00');

INSERT INTO public.account (id, created_date, updated_date, email, hash_password, first_name, last_name, status, role, registration_provider, redis_id) VALUES ('92dad38e-3a15-4ab1-aee2-cf2f13ee9c5b', '2023-04-29 20:46:29.922000 +00:00', '2023-04-29 20:46:31.643000 +00:00', 'admin@gmail.com', '$2a$10$kY2yS5wrfyBkmSy0K0hcYeHtRBCmSekTBNPsZ2FeUHgR6x3szSoKe', 'adminFirstName', 'AdminLastName', 'CONFIRMED', 'ROLE_ADMIN', 'NATIVE', null);

INSERT INTO public.account (id, created_date, updated_date, email, hash_password, first_name, last_name, status, role, registration_provider, redis_id) VALUES ('92bab38e-3a15-4ab1-aee2-cf2f13ee9c5b', '2023-04-29 20:46:29.922000 +00:00', '2023-04-29 20:46:31.643000 +00:00', 'sim23@gmail.com', '$2a$10$kY2yS5wrfyBkmSy0K0hcYeHtRBCmSekTBNPsZ2FeUHgR6x3szSoKe', 'adminFirstName', 'AdminLastName', 'CONFIRMED', 'ROLE_SIMPLE_ACCOUNT', 'NATIVE', null);

INSERT INTO public.account (id, created_date, updated_date, email, hash_password, first_name, last_name, status, role, registration_provider, redis_id) VALUES ('93bab38e-3a15-4ab1-aee2-cf2f13ee9c5b', '2023-04-29 20:46:29.922000 +00:00', '2023-04-29 20:46:31.643000 +00:00', 'sim24@gmail.com', '$2a$10$kY2yS5wrfyBkmSy0K0hcYeHtRBCmSekTBNPsZ2FeUHgR6x3szSoKe', 'adminFirstName', 'AdminLastName', 'CONFIRMED', 'ROLE_SIMPLE_ACCOUNT', 'NATIVE', null);
INSERT INTO public.account (id, created_date, updated_date, email, hash_password, first_name, last_name, status, role, registration_provider, redis_id) VALUES ('94bab38e-3a15-4ab1-aee2-cf2f13ee9c5b', '2023-04-29 20:46:29.922000 +00:00', '2023-04-29 20:46:31.643000 +00:00', 'sim25@gmail.com', '$2a$10$kY2yS5wrfyBkmSy0K0hcYeHtRBCmSekTBNPsZ2FeUHgR6x3szSoKe', 'adminFirstName', 'AdminLastName', 'CONFIRMED', 'ROLE_SIMPLE_ACCOUNT', 'NATIVE', null);
INSERT INTO public.account (id, created_date, updated_date, email, hash_password, first_name, last_name, status, role, registration_provider, redis_id) VALUES ('95bab38e-3a15-4ab1-aee2-cf2f13ee9c5b', '2023-04-29 20:46:29.922000 +00:00', '2023-04-29 20:46:31.643000 +00:00', 'sim26@gmail.com', '$2a$10$kY2yS5wrfyBkmSy0K0hcYeHtRBCmSekTBNPsZ2FeUHgR6x3szSoKe', 'adminFirstName', 'AdminLastName', 'CONFIRMED', 'ROLE_SIMPLE_ACCOUNT', 'NATIVE', null);

INSERT INTO public.grievance (id, text, account_id, author_id, created_date) VALUES ('71bab38e-3a15-4ab1-aee2-cf2f13ee9c5b', 'Grievance', '92bab38e-3a15-4ab1-aee2-cf2f13ee9c5b', '93bab38e-3a15-4ab1-aee2-cf2f13ee9c5b', '2023-04-30 10:10:24.680000 +00:00');
INSERT INTO public.grievance (id, text, account_id, author_id, created_date) VALUES ('72bab38e-3a15-4ab1-aee2-cf2f13ee9c5b', 'Grievance', '92bab38e-3a15-4ab1-aee2-cf2f13ee9c5b', '94bab38e-3a15-4ab1-aee2-cf2f13ee9c5b', '2023-04-30 20:10:24.680000 +00:00');
INSERT INTO public.grievance (id, text, account_id, author_id, created_date) VALUES ('73bab38e-3a15-4ab1-aee2-cf2f13ee9c5b', 'Grievance', '92bab38e-3a15-4ab1-aee2-cf2f13ee9c5b', '95bab38e-3a15-4ab1-aee2-cf2f13ee9c5b', '2023-04-30 14:10:24.680000 +00:00');

