INSERT INTO public.chat (id, state, last_message_date, created_date) VALUES ('9740e91e-cdb5-447b-a9d8-904075ec4d37', 'ACTIVE', '2023-04-27 06:38:12.287340 +00:00', '2023-04-14 08:35:03.270456 +00:00');

INSERT INTO public.chat_account (id, account_id, chat_id) VALUES ('93b6acc4-048f-420a-89da-29abbf76992f', '2669cbf8-32c1-4796-bf43-2f36a8a80cc8', '9740e91e-cdb5-447b-a9d8-904075ec4d37');
INSERT INTO public.chat_account (id, account_id, chat_id) VALUES ('94b6acc4-048f-420a-89da-29abbf76992f', '117f2c92-7735-48fe-a0de-7ce15ff10937', '9740e91e-cdb5-447b-a9d8-904075ec4d37');


INSERT INTO public.chat (id, state, last_message_date, created_date) VALUES ('9840e91e-cdb5-447b-a9d8-904075ec4d37', 'ACTIVE', '2023-04-27 06:38:12.287340 +00:00', '2023-04-14 08:35:03.270456 +00:00');

INSERT INTO public.chat_account (id, account_id, chat_id) VALUES ('95b6acc4-048f-420a-89da-29abbf76992f', '2669cbf8-32c1-4796-bf43-2f36a8a80cc8', '9840e91e-cdb5-447b-a9d8-904075ec4d37');
INSERT INTO public.chat_account (id, account_id, chat_id) VALUES ('96b6acc4-048f-420a-89da-29abbf76992f', '277f2c92-7735-48fe-a0de-7ce15ff10937', '9840e91e-cdb5-447b-a9d8-904075ec4d37');

INSERT INTO public.message (id, text, created_date, deleted, chat_id, account_id) VALUES ('9840e91e-cdb5-447b-a9d8-904075ec4d37', 'Helololo', '2023-05-11 18:07:54.697000 +00:00', false, '9840e91e-cdb5-447b-a9d8-904075ec4d37', '2669cbf8-32c1-4796-bf43-2f36a8a80cc8');
INSERT INTO public.message (id, text, created_date, deleted, chat_id, account_id) VALUES ('9040e91e-cdb5-447b-a9d8-904075ec4d37', 'Helololo', '2023-05-11 18:07:54.697000 +00:00', false, '9840e91e-cdb5-447b-a9d8-904075ec4d37', '2669cbf8-32c1-4796-bf43-2f36a8a80cc8');
INSERT INTO public.message (id, text, created_date, deleted, chat_id, account_id) VALUES ('8740e91e-cdb5-447b-a9d8-904075ec4d37', 'Helololo', '2023-05-11 18:07:54.697000 +00:00', false, '9840e91e-cdb5-447b-a9d8-904075ec4d37', '117f2c92-7735-48fe-a0de-7ce15ff10937');


INSERT INTO public.chat (id, state, last_message_date, created_date) VALUES ('3340e91e-cdb5-447b-a9d8-904075ec4d37', 'ACTIVE', '2023-04-27 06:38:12.287340 +00:00', '2023-04-14 08:35:03.270456 +00:00');
INSERT INTO public.chat_account (id, account_id, chat_id) VALUES ('91b6acc4-048f-420a-89da-29abbf76992f', '2669cbf8-32c1-4796-bf43-2f36a8a80cc8', '3340e91e-cdb5-447b-a9d8-904075ec4d37');
INSERT INTO public.chat_account (id, account_id, chat_id) VALUES ('92b6acc4-048f-420a-89da-29abbf76992f', '157f2c92-7735-48fe-a0de-7ce15ff10937', '3340e91e-cdb5-447b-a9d8-904075ec4d37');

INSERT INTO public.message (id, text, created_date, deleted, chat_id, account_id) VALUES ('5140e91e-cdb5-447b-a9d8-904075ec4d37', 'Helololo', '2023-05-11 18:07:54.697000 +00:00', false, '3340e91e-cdb5-447b-a9d8-904075ec4d37', '2669cbf8-32c1-4796-bf43-2f36a8a80cc8');
INSERT INTO public.message (id, text, created_date, deleted, chat_id, account_id) VALUES ('5240e91e-cdb5-447b-a9d8-904075ec4d37', 'Helololo', '2023-05-11 18:07:54.697000 +00:00', false, '3340e91e-cdb5-447b-a9d8-904075ec4d37', '2669cbf8-32c1-4796-bf43-2f36a8a80cc8');
INSERT INTO public.message (id, text, created_date, deleted, chat_id, account_id) VALUES ('5340e91e-cdb5-447b-a9d8-904075ec4d37', 'Helololo', '2023-05-11 18:07:54.697000 +00:00', true, '3340e91e-cdb5-447b-a9d8-904075ec4d37', '157f2c92-7735-48fe-a0de-7ce15ff10937');


INSERT INTO public.chat (id, state, last_message_date, created_date) VALUES ('3440e91e-cdb5-447b-a9d8-904075ec4d37', 'ACTIVE', '2023-04-27 06:38:12.287340 +00:00', '2023-04-14 08:35:03.270456 +00:00');
INSERT INTO public.chat_account (id, account_id, chat_id) VALUES ('77b6acc4-048f-420a-89da-29abbf76992f', '2669cbf8-32c1-4796-bf43-2f36a8a80cc8', '3440e91e-cdb5-447b-a9d8-904075ec4d37');
INSERT INTO public.chat_account (id, account_id, chat_id) VALUES ('78b6acc4-048f-420a-89da-29abbf76992f', '157f2c92-7735-48fe-a0de-7ce15ff10937', '3440e91e-cdb5-447b-a9d8-904075ec4d37');
