INSERT INTO public.company (id, name, description, website_link, email, type, status, created_date, updated_date, updated_by, confirmation_token, rating) VALUES ('1669cbf8-32c1-4796-bf43-2f36a8a80cc8', 'Pokemons', 'we work every day', 'http://pokemon', 'pokemon@gmail.com', 'OOO', 'CONFIRMED', '2023-05-06 09:11:32.281000 +00:00', '2023-05-06 09:11:34.097000 +00:00', null, '1669cbf8-32c1-4796-bf43-2f36a8a80cc8', 0.0);

--
-- INSERT INTO public.vacancy (id, company_id, description, hr_id, city, remote, salary, address, created_date, updated_date, status, name) VALUES ('1669cbf8-32c1-4796-bf43-2f36a8a80cc8', '1669cbf8-32c1-4796-bf43-2f36a8a80cc8', 'Work', '1669cbf8-32c1-4796-bf43-2f36a8a80cc8', 'Kazan', false, 70000, null, '2023-05-06 10:36:56.815000 +00:00', '2023-05-06 10:36:58.601000 +00:00', 'ACTIVE', 'Junior developer');
-- INSERT INTO public.company (id, name, description, website_link, email, type, status, created_date, updated_date, updated_by, confirmation_token, rating) VALUES ('1769cbf8-32c1-4796-bf43-2f36a8a80cc8', 'Pokemons2', 'we work every day', 'http://pokemon', 'pokemon@gmail.com', 'OOO', 'CONFIRMED', '2023-05-06 09:11:32.281000 +00:00', '2023-05-06 09:11:34.097000 +00:00', null, '1769cbf8-32c1-4796-bf43-2f36a8a80cc8', 0.0);

INSERT INTO public.vacancy (id, company_id, description, hr_id, city, remote, salary, address, created_date, updated_date, status, name) VALUES ('1769cbf8-32c1-4796-bf43-2f36a8a80cc8', '1669cbf8-32c1-4796-bf43-2f36a8a80cc8', 'Work', '1669cbf8-32c1-4796-bf43-2f36a8a80cc8', 'Kazan', false, 70000, null, '2023-05-06 10:36:56.815000 +00:00', '2023-05-06 10:36:58.601000 +00:00', 'ACTIVE', 'Junior developer');
INSERT INTO public.vacancy (id, company_id, description, hr_id, city, remote, salary, address, created_date, updated_date, status, name) VALUES ('1869cbf8-32c1-4796-bf43-2f36a8a80cc8', '1669cbf8-32c1-4796-bf43-2f36a8a80cc8', 'Work', '1669cbf8-32c1-4796-bf43-2f36a8a80cc8', 'Ulyanovsk', false, 70000, null, '2023-05-06 10:36:56.815000 +00:00', '2023-05-06 10:36:58.601000 +00:00', 'ACTIVE', 'Junior developer');
INSERT INTO public.vacancy (id, company_id, description, hr_id, city, remote, salary, address, created_date, updated_date, status, name) VALUES ('1969cbf8-32c1-4796-bf43-2f36a8a80cc8', '1669cbf8-32c1-4796-bf43-2f36a8a80cc8', 'Work', '1669cbf8-32c1-4796-bf43-2f36a8a80cc8', 'Kazan', false, 5000, null, '2023-05-06 10:36:56.815000 +00:00', '2023-05-06 10:36:58.601000 +00:00', 'ACTIVE', 'Junior developer');
INSERT INTO public.vacancy (id, company_id, description, hr_id, city, remote, salary, address, created_date, updated_date, status, name) VALUES ('2069cbf8-32c1-4796-bf43-2f36a8a80cc8', '1669cbf8-32c1-4796-bf43-2f36a8a80cc8', 'Work', '1669cbf8-32c1-4796-bf43-2f36a8a80cc8', 'Kazan', false, 70000, null, '2023-04-06 10:36:56.815000 +00:00', '2023-05-06 10:36:58.601000 +00:00', 'ACTIVE', 'Junior developer');
INSERT INTO public.vacancy (id, company_id, description, hr_id, city, remote, salary, address, created_date, updated_date, status, name) VALUES ('2169cbf8-32c1-4796-bf43-2f36a8a80cc8', '1669cbf8-32c1-4796-bf43-2f36a8a80cc8', 'Work', '1669cbf8-32c1-4796-bf43-2f36a8a80cc8', 'Kazan', false, 70000, null, '2023-06-06 10:36:56.815000 +00:00', '2023-05-06 10:36:58.601000 +00:00', 'ACTIVE', 'Junior developer');
INSERT INTO public.vacancy (id, company_id, description, hr_id, city, remote, salary, address, created_date, updated_date, status, name) VALUES ('2269cbf8-32c1-4796-bf43-2f36a8a80cc8', '1669cbf8-32c1-4796-bf43-2f36a8a80cc8', 'Work', '1669cbf8-32c1-4796-bf43-2f36a8a80cc8', 'Kazan', false, 70000, null, '2023-10-06 10:36:56.815000 +00:00', '2023-05-06 10:36:58.601000 +00:00', 'ACTIVE', 'Junior developer');
INSERT INTO public.vacancy (id, company_id, description, hr_id, city, remote, salary, address, created_date, updated_date, status, name) VALUES ('2369cbf8-32c1-4796-bf43-2f36a8a80cc8', '1669cbf8-32c1-4796-bf43-2f36a8a80cc8', 'Work', '1669cbf8-32c1-4796-bf43-2f36a8a80cc8', 'Kazan', false, 70000, null, '2023-01-06 10:36:56.815000 +00:00', '2023-05-06 10:36:58.601000 +00:00', 'ACTIVE', 'Junior developer');
INSERT INTO public.vacancy (id, company_id, description, hr_id, city, remote, salary, address, created_date, updated_date, status, name) VALUES ('2469cbf8-32c1-4796-bf43-2f36a8a80cc8', '1669cbf8-32c1-4796-bf43-2f36a8a80cc8', 'Work', '1669cbf8-32c1-4796-bf43-2f36a8a80cc8', 'Kazan', false, 1000000, null, '2023-01-06 10:36:56.815000 +00:00', '2023-05-06 10:36:58.601000 +00:00', 'ACTIVE', 'Junior developer');
INSERT INTO public.vacancy (id, company_id, description, hr_id, city, remote, salary, address, created_date, updated_date, status, name) VALUES ('2569cbf8-32c1-4796-bf43-2f36a8a80cc8', '1669cbf8-32c1-4796-bf43-2f36a8a80cc8', 'Work', '1669cbf8-32c1-4796-bf43-2f36a8a80cc8', 'Kazan', false, 70000, null, '2023-01-06 10:36:56.815000 +00:00', '2023-05-06 10:36:58.601000 +00:00', 'NOT_ACTIVE', 'Junior developer');

INSERT INTO public.specialization (id, vacancy_id, specialization) VALUES ('1769cbf8-32c1-4796-bf43-2f36a8a80cc8', '1769cbf8-32c1-4796-bf43-2f36a8a80cc8', 'backend');

INSERT INTO public.tag (id, vacancy_id, tag) VALUES ('2069cbf8-32c1-4796-bf43-2f36a8a80cc8', '1769cbf8-32c1-4796-bf43-2f36a8a80cc8', 'java');
INSERT INTO public.tag (id, vacancy_id, tag) VALUES ('2169cbf8-32c1-4796-bf43-2f36a8a80cc8', '1769cbf8-32c1-4796-bf43-2f36a8a80cc8', 'postgresql');

INSERT INTO public.tag (id, vacancy_id, tag) VALUES ('2969cbf8-32c1-4796-bf43-2f36a8a80cc8', '2569cbf8-32c1-4796-bf43-2f36a8a80cc8', 'java');
INSERT INTO public.tag (id, vacancy_id, tag) VALUES ('3069cbf8-32c1-4796-bf43-2f36a8a80cc8', '2569cbf8-32c1-4796-bf43-2f36a8a80cc8', 'postgresql');

INSERT INTO public.tag (id, vacancy_id, tag) VALUES ('2269cbf8-32c1-4796-bf43-2f36a8a80cc8', '2369cbf8-32c1-4796-bf43-2f36a8a80cc8', 'java');
INSERT INTO public.tag (id, vacancy_id, tag) VALUES ('2369cbf8-32c1-4796-bf43-2f36a8a80cc8', '2369cbf8-32c1-4796-bf43-2f36a8a80cc8', 'postgresql');

INSERT INTO public.tag (id, vacancy_id, tag) VALUES ('2469cbf8-32c1-4796-bf43-2f36a8a80cc8', '2269cbf8-32c1-4796-bf43-2f36a8a80cc8', 'java');
INSERT INTO public.tag (id, vacancy_id, tag) VALUES ('2569cbf8-32c1-4796-bf43-2f36a8a80cc8', '2269cbf8-32c1-4796-bf43-2f36a8a80cc8', 'postgresql');

INSERT INTO public.tag (id, vacancy_id, tag) VALUES ('2669cbf8-32c1-4796-bf43-2f36a8a80cc8', '2469cbf8-32c1-4796-bf43-2f36a8a80cc8', 'java');
INSERT INTO public.tag (id, vacancy_id, tag) VALUES ('2769cbf8-32c1-4796-bf43-2f36a8a80cc8', '2469cbf8-32c1-4796-bf43-2f36a8a80cc8', 'postgresql');

INSERT INTO public.tag (id, vacancy_id, tag) VALUES ('2869cbf8-32c1-4796-bf43-2f36a8a80cc8', '2069cbf8-32c1-4796-bf43-2f36a8a80cc8', 'postgresql');

INSERT INTO public.vacancy (id, company_id, description, hr_id, city, remote, salary, address, created_date, updated_date, status, name) VALUES ('3069cbf8-32c1-4796-bf43-2f36a8a80cc8', '1669cbf8-32c1-4796-bf43-2f36a8a80cc8', 'Work', '1669cbf8-32c1-4796-bf43-2f36a8a80cc8', 'Kazan', false, 70000, null, '2023-05-06 10:36:56.815000 +00:00', '2023-05-06 10:36:58.601000 +00:00', 'ACTIVE', 'Junior developer');

INSERT INTO public.tag (id, vacancy_id, tag) VALUES ('3369cbf8-32c1-4796-bf43-2f36a8a80cc8', '3069cbf8-32c1-4796-bf43-2f36a8a80cc8', 'postgresql');

INSERT INTO public.specialization (id, vacancy_id, specialization) VALUES ('3069cbf8-32c1-4796-bf43-2f36a8a80cc8', '3069cbf8-32c1-4796-bf43-2f36a8a80cc8', 'backend');


INSERT INTO public.company (id, name, description, website_link, email, type, status, created_date, updated_date, updated_by, confirmation_token, rating) VALUES ('3069cbf8-32c1-4796-bf43-2f36a8a80cc8', 'Pokemons', 'we work every day', 'http://pokemon', 'pokemon@gmail.com', 'OOO', 'CONFIRMED', '2023-05-06 09:11:32.281000 +00:00', '2023-05-06 09:11:34.097000 +00:00', null, '1669cbf8-32c1-4796-bf43-2f36a8a80cc8', 0.0);
INSERT INTO public.vacancy (id, company_id, description, hr_id, city, remote, salary, address, created_date, updated_date, status, name) VALUES ('5069cbf8-32c1-4796-bf43-2f36a8a80cc8', '3069cbf8-32c1-4796-bf43-2f36a8a80cc8', 'Work', '2269cbf8-32c1-4796-bf43-2f36a8a80cc8', 'Kazan', false, 70000, null, '2023-05-06 10:36:56.815000 +00:00', '2023-05-06 10:36:58.601000 +00:00', 'ACTIVE', 'Junior developer');
INSERT INTO public.vacancy (id, company_id, description, hr_id, city, remote, salary, address, created_date, updated_date, status, name) VALUES ('5169cbf8-32c1-4796-bf43-2f36a8a80cc8', '3069cbf8-32c1-4796-bf43-2f36a8a80cc8', 'Work', '2269cbf8-32c1-4796-bf43-2f36a8a80cc8', 'Kazan', false, 70000, null, '2023-05-06 10:36:56.815000 +00:00', '2023-05-06 10:36:58.601000 +00:00', 'ACTIVE', 'Junior developer');
INSERT INTO public.vacancy (id, company_id, description, hr_id, city, remote, salary, address, created_date, updated_date, status, name) VALUES ('5269cbf8-32c1-4796-bf43-2f36a8a80cc8', '3069cbf8-32c1-4796-bf43-2f36a8a80cc8', 'Work', '2269cbf8-32c1-4796-bf43-2f36a8a80cc8', 'Kazan', false, 70000, null, '2023-05-06 10:36:56.815000 +00:00', '2023-05-06 10:36:58.601000 +00:00', 'NOT_ACTIVE', 'Junior developer');
INSERT INTO public.vacancy (id, company_id, description, hr_id, city, remote, salary, address, created_date, updated_date, status, name) VALUES ('5369cbf8-32c1-4796-bf43-2f36a8a80cc8', '3069cbf8-32c1-4796-bf43-2f36a8a80cc8', 'Work', '2269cbf8-32c1-4796-bf43-2f36a8a80cc8', 'Kazan', false, 70000, null, '2023-05-06 10:36:56.815000 +00:00', '2023-05-06 10:36:58.601000 +00:00', 'NOT_ACTIVE', 'Junior developer');
