INSERT INTO public.project (id, name, description, author_id, created_date, updated_date, status, link_to_repository) VALUES ('9a19406f-39a4-40f8-8cb4-4b0844a67f25', 'work', 'YOOUUU WOOOORK', '2669cbf8-32c1-4796-bf43-2f36a8a80cc8', '2023-05-09 15:18:13.981542 +00:00', '2023-05-09 15:18:13.982544 +00:00', 'ACTIVE', null);


INSERT INTO public.project (id, name, description, author_id, created_date, updated_date, status, link_to_repository) VALUES ('1169cbf8-32c1-4796-bf43-2f36a8a80cc8', 'work', 'YOOUUU WOOOORK', '2669cbf8-32c1-4796-bf43-2f36a8a80cc8', '2023-05-09 15:18:13.981542 +00:00', '2023-05-09 15:18:13.982544 +00:00', 'ACTIVE', null);

INSERT INTO public.tag (id, project_id, tag) VALUES ('1169cbf8-32c1-4796-bf43-2f36a8a80cc8', '1169cbf8-32c1-4796-bf43-2f36a8a80cc8', 'postgres');

INSERT INTO public.project_developer (id, project_id, developer_id, state, created_date) VALUES ('1169cbf8-32c1-4796-bf43-2f36a8a80cc8', '1169cbf8-32c1-4796-bf43-2f36a8a80cc8', '1169cbf8-32c1-4796-bf43-2f36a8a80cc8', 'ACCEPTED', '2023-05-10 00:28:03.989000 +00:00');


INSERT INTO public.project (id, name, description, author_id, created_date, updated_date, status, link_to_repository) VALUES ('1269cbf8-32c1-4796-bf43-2f36a8a80cc8', 'work', 'YOOUUU WOOOORK', '2669cbf8-32c1-4796-bf43-2f36a8a80cc8', '2023-05-09 15:18:13.981542 +00:00', '2023-05-09 15:18:13.982544 +00:00', 'ACTIVE', null);
INSERT INTO public.project (id, name, description, author_id, created_date, updated_date, status, link_to_repository) VALUES ('1369cbf8-32c1-4796-bf43-2f36a8a80cc8', 'work', 'YOOUUU WOOOORK', '2669cbf8-32c1-4796-bf43-2f36a8a80cc8', '2023-05-09 15:18:13.981542 +00:00', '2023-05-09 15:18:13.982544 +00:00', 'ACTIVE', null);
INSERT INTO public.project (id, name, description, author_id, created_date, updated_date, status, link_to_repository) VALUES ('1469cbf8-32c1-4796-bf43-2f36a8a80cc8', 'work', 'YOOUUU WOOOORK', '2669cbf8-32c1-4796-bf43-2f36a8a80cc8', '2023-05-09 15:18:13.981542 +00:00', '2023-05-09 15:18:13.982544 +00:00', 'ACTIVE', null);
INSERT INTO public.project (id, name, description, author_id, created_date, updated_date, status, link_to_repository) VALUES ('1569cbf8-32c1-4796-bf43-2f36a8a80cc8', 'work', 'YOOUUU WOOOORK', '2669cbf8-32c1-4796-bf43-2f36a8a80cc8', '2023-05-09 15:18:13.981542 +00:00', '2023-05-09 15:18:13.982544 +00:00', 'ACTIVE', null);


INSERT INTO public.tag (id, project_id, tag) VALUES ('1469cbf8-32c1-4796-bf43-2f36a8a80cc8', '1269cbf8-32c1-4796-bf43-2f36a8a80cc8', 'postgres');
INSERT INTO public.tag (id, project_id, tag) VALUES ('1269cbf8-32c1-4796-bf43-2f36a8a80cc8', '1269cbf8-32c1-4796-bf43-2f36a8a80cc8', 'java');
INSERT INTO public.tag (id, project_id, tag) VALUES ('1369cbf8-32c1-4796-bf43-2f36a8a80cc8', '1269cbf8-32c1-4796-bf43-2f36a8a80cc8', 'spring');

INSERT INTO public.specialization (id, project_id, specialization_name) VALUES ('6a19406f-39a4-40f8-8cb4-4b0844a67f25', '1269cbf8-32c1-4796-bf43-2f36a8a80cc8', 'backend');


INSERT INTO public.project (id, name, description, author_id, created_date, updated_date, status, link_to_repository) VALUES ('2319406f-39a4-40f8-8cb4-4b0844a67f25', 'work', 'YOOUUU WOOOORK', '2669cbf8-32c1-4796-bf43-2f36a8a80cc8', '2023-05-09 15:18:13.981542 +00:00', '2023-05-09 15:18:13.982544 +00:00', 'ACTIVE', null);
INSERT INTO public.project_developer (id, project_id, developer_id, state, created_date) VALUES ('3369cbf8-32c1-4796-bf43-2f36a8a80cc8', '2319406f-39a4-40f8-8cb4-4b0844a67f25', '4469cbf8-32c1-4796-bf43-2f36a8a80cc8', 'ACCEPTED', '2023-04-10 00:28:03.989000 +00:00');
INSERT INTO public.project_developer (id, project_id, developer_id, state, created_date) VALUES ('3469cbf8-32c1-4796-bf43-2f36a8a80cc8', '2319406f-39a4-40f8-8cb4-4b0844a67f25', '4569cbf8-32c1-4796-bf43-2f36a8a80cc8', 'ACCEPTED', '2023-05-10 00:28:03.989000 +00:00');

